,lng,lat
0,-73.8971666671,40.8623611107
1,-73.84678,40.685666
2,-73.830505,40.713686
3,-73.976659,40.596609
4,-73.95575,40.774536
5,-73.945549,40.833128
6,-73.701392,40.738821
7,-73.818503,40.821174
8,-73.939433,40.807383
9,-73.986572,40.70416
10,-73.892294,40.895865
11,-73.783798,40.776381
12,-73.936279,40.845851
13,-73.9071402614,40.7730681406
14,-73.979448,40.789567
15,-73.967824,40.683049
16,-73.878122,40.736402
17,-73.941699,40.797755
18,-73.952681,40.652749
19,-73.976855,40.780822
20,-74.008633,40.610865
21,-73.89749,40.869007
22,-73.738834,40.755545
23,-73.826092,40.751508
24,-73.752654,40.698279
25,-73.753183,40.602997
26,-73.9846354442,40.6107514906
27,-73.8260936357,40.8523100475
28,-73.934005,40.795402
29,-73.7191306319,40.7432790396
30,-73.948331,40.82935
31,-73.9582291646,40.7647622102
32,-73.910247,40.854515
33,-73.9216437416,40.7634723206
34,-73.991046,40.667545
35,-73.953041,40.81755
36,-73.997293,40.744783
37,-73.938811,40.651346
38,-73.938407,40.846299
39,-73.966173,40.761389
40,-74.013551,40.708085
41,-73.986476,40.715869
42,-74.009845,40.649111
43,-73.955338,40.682663
44,-73.979576,40.737315
45,-74.029709,40.633942
46,-73.9912409753,40.6920279312
47,-73.779427,40.713701
48,-73.88393,40.874064
49,-73.989006,40.772633
50,-73.909259,40.669914
51,-73.871504,40.878618
52,-73.929076,40.743509
53,-74.005617,40.726615
54,-73.9418324656,40.8229323975
55,-73.988606,40.666397
56,-74.105267,40.630629
57,-73.844356,40.721622
58,-74.244118,40.509037
59,-73.780444,40.753211
60,-73.943959,40.700485
61,-73.981542,40.67487
62,-74.001125,40.688318
63,-73.88299,40.86766
64,-73.955812,40.768044
65,-73.9958515233,40.6590277634
66,-73.8625749635,40.7495340664
67,-74.091355,40.60223
68,-73.907225,40.815864
69,-73.888199,40.816978
70,-73.991342,40.74489
71,-73.941957,40.83804
72,-73.991046,40.667545
73,-73.930237,40.651772
74,-73.878377,40.881376
75,-73.88049,40.756081
76,-73.9484666045,40.6403819599
77,-73.916077,40.849532
78,-73.950628,40.660582
79,-73.863582,40.72814
80,-73.985354,40.616996
81,-73.868331,40.757361
82,-73.925358,40.670757
83,-73.881363,40.750049
84,-73.972899,40.677799
85,-73.939564,40.698721
86,-73.9070992463,40.8801092945
87,-73.871578,40.733848
88,-73.9563282661,40.6522893436
89,-73.893902,40.822443
90,-73.974917,40.78784
91,-74.008831,40.605507
92,-73.8668362205,40.8566273929
93,-73.985973,40.689269
94,-73.85201,40.69335
95,-73.918368,40.767667
96,-73.904215,40.906393
97,-74.135314,40.625377
98,-73.989919,40.637155
99,-73.974594,40.742293
100,-73.951795,40.81172
101,-73.9494893255,40.7030511453
102,-73.968706,40.794264
103,-73.87,40.865365
104,-73.948804,40.825727
105,-73.982042,40.731862
106,-73.943742,40.787019
107,-73.970802,40.791709
108,-73.970178,40.644098
109,-73.847966,40.818686
110,-73.8625749635,40.7495340664
111,-73.954169,40.6948
112,-73.918423,40.743132
113,-73.81167,40.81538
114,-73.900637654,40.8482516811
115,-74.169464,40.552523
116,-73.938407,40.846299
117,-73.905972,40.712892
118,-73.930358,40.756877
119,-73.950982,40.66479
120,-73.989235,40.606369
121,-73.767669788,40.6923811323
122,-74.023948,40.63359
123,-73.903506,40.821828
124,-73.9963782661,40.7157621893
125,-73.89064,40.74909
126,-73.961019,40.655226
127,-73.931797,40.765099
128,-73.991339,40.713273
129,-73.957777,40.663475
130,-73.7497974949,40.7684807344
131,-73.974763,40.687184
132,-73.912205,40.669458
133,-73.9617526864,40.6826896874
134,-73.893336,40.861903
135,-73.908886,40.813728
136,-73.980624,40.681001
137,-73.940723,40.839768
138,-73.919026,40.63621
139,-73.933245,40.688886
140,-73.957056,40.770614
141,-73.93727,40.622187
142,-73.8106,40.67956
143,-73.945181,40.793763
144,-73.87835,40.739792
145,-73.949278,40.71114
146,-73.702817,40.751876
147,-73.936989,40.802079
148,-73.965229,40.806172
149,-74.10822,40.571986
150,-73.848941,40.842959
151,-73.918557,40.743148
152,-73.85592,40.861415
153,-73.971538,40.792464
154,-73.826917,40.834008
155,-73.85875,40.823992
156,-73.753207,40.656126
157,-73.909978,40.655867
158,-74.08058,40.59377
159,-73.914748,40.832144
160,-73.873642,40.748732
161,-73.934377,40.850626
162,-73.934018,40.771654
163,-73.820405,40.672022
164,-73.9590936131,40.7091483368
165,-73.951443,40.67438
166,-74.000933,40.612279
167,-73.936242,40.846979
168,-73.831621,40.884671
169,-73.985444,40.668766
170,-73.862204,40.750871
171,-73.9850121399,40.6173253213
172,-73.815227,40.702483
173,-73.778923,40.691712
174,-73.743881,40.765386
175,-73.9187340272,40.8050091224
176,-73.914631,40.886494
177,-73.93132,40.666836
178,-73.825621,40.760702
179,-73.739966,40.704926
180,-73.911065,40.775841
181,-73.809754,40.763998
182,-73.991962,40.69056
183,-73.9555202559,40.6804312436
184,-73.920312742,40.8470757475
185,-73.934929,40.851724
186,-73.979694,40.776911
187,-73.742212,40.695783
188,-73.980574,40.716486
189,-73.910619,40.830785
190,-73.867616,40.722601
191,-73.989365,40.741865
192,-73.8491200502,40.7320249016
193,-73.945471,40.651014
194,-73.884803,40.672579
195,-73.982412,40.778954
196,-73.97635,40.615252
197,-73.9590936131,40.7091483368
198,-73.91903,40.807892
199,-73.918772,40.758859
200,-73.994253,40.71983
201,-73.932726,40.795626
202,-73.932275,40.68832
203,-73.755379,40.706415
204,-73.961642,40.617825
205,-73.918505,40.744175
206,-73.980072,40.660264
207,-73.882363,40.755883
208,-73.933796,40.849214
209,-74.011475,40.71445
210,-73.941156,40.619598
211,-73.905244,40.872895
212,-73.993159,40.73348
213,-73.8986358962,40.7126105502
214,-73.9426665284,40.6642341212
215,-73.914227,40.762103
216,-73.882434,40.746784
217,-73.892286,40.860785
218,-73.817769,40.585447
219,-73.8419,40.78528
220,-73.937012,40.81939
221,-73.935974,40.700764
222,-73.970754,40.794226
223,-73.779843,40.691423
224,-73.9538068683,40.8065408544
225,-74.0138,40.707514
226,-73.895131,40.661264
227,-73.955301,40.577521
228,-74.007295,40.72754
229,-73.780203,40.71353
230,-73.989535,40.740089
231,-73.986448,40.640492
232,-73.82038,40.824712
233,-74.0056499542,40.7265462646
234,-73.8625749635,40.7495340664
235,-73.91796,40.831992
236,-73.942038,40.831164
237,-73.9555202559,40.6804312436
238,-73.977509,40.779153
239,-73.901821,40.822812
240,-73.845801,40.784629
241,-74.018997,40.642121
242,-73.9534251346,40.6809848586
243,-73.938407,40.846299
244,-73.940863,40.799673
245,-74.011586,40.647412
246,-74.002318,40.676024
247,-73.956281,40.7798
248,-73.9351833377,40.8499203423
249,-73.919978,40.813069
250,-73.9617526864,40.6826896874
251,-73.926022,40.662896
252,-73.904301,40.864259
253,-73.7856427005,40.7707872243
254,-73.837715,40.580717
255,-73.9315655871,40.6949009039
256,-73.926682,40.810754
257,-73.930011,40.764285
258,-73.845714,40.842664
259,-73.770126,40.760124
260,-73.920872,40.826873
261,-73.965871,40.800515
262,-73.995126,40.577832
263,-73.874016,40.76278
264,-73.9935703798,40.6929091558
265,-73.929847,40.686833
266,-73.887902,40.63497
267,-73.930751,40.656614
268,-73.917668,40.828696
269,-73.923725,40.591563
270,-73.903226,40.741347
271,-73.973851,40.789261
272,-73.799185,40.692803
273,-73.92252,40.767412
274,-73.995033,40.573627
275,-73.907616,40.844253
276,-73.983744,40.676396
277,-73.843312,40.861873
278,-73.946366,40.793174
279,-73.913185766,40.6693099597
280,-73.8739311829,40.8267372288
281,-73.922814,40.619195
282,-73.867794,40.851139
283,-73.898218,40.832572
284,-73.910756,40.768814
285,-73.760112,40.692284
286,-73.83211,40.701022
287,-74.005889,40.654293
288,-73.910533,40.668916
289,-73.909821,40.886189
290,-73.976959,40.604764
291,-73.975700924,40.68681887
292,-73.910519,40.775997
293,-73.902301,40.882428
294,-73.955695,40.764199
295,-73.962148,40.678362
296,-73.98689,40.77501
297,-73.976737,40.681928
298,-73.954359,40.707187
299,-73.939872,40.809672
300,-74.01145,40.716972
301,-73.951676,40.690964
302,-73.959195,40.696493
303,-73.824221,40.70292
304,-73.961735,40.607384
305,-73.941607,40.651196
306,-73.827317,40.86955
307,-73.780296,40.771755
308,-73.919655,40.766103
309,-73.921751,40.81963
310,-73.965585,40.795501
311,-73.87545,40.872447
312,-73.845679,40.720498
313,-73.952606,40.652038
314,-73.828345,40.755585
315,-73.8887965947,40.8179721646
316,-73.8304310412,40.8763399272
317,-74.026869,40.620752
318,-73.947439,40.796457
319,-73.921706,40.741449
320,-73.982731,40.748062
321,-73.867731,40.722754
322,-73.98629,40.673256
323,-73.942536,40.665645
324,-74.012308,40.61563
325,-73.81167,40.81538
326,-73.9555202559,40.6804312436
327,-74.007488,40.704932
328,-74.011475,40.71445
329,-73.977886,40.67553
330,-73.929553,40.862326
331,-73.990254,40.685037
332,-74.006161,40.70943
333,-73.8971542923,40.8622760826
334,-73.949675,40.781999
335,-73.923096,40.743665
336,-73.927933,40.809874
337,-73.941577,40.620328
338,-73.981652,40.575544
339,-73.888817,40.749266
340,-73.911567,40.762271
341,-74.150970261,40.625368226
342,-73.981417,40.773832
343,-73.8625749635,40.7495340664
344,-73.920563,40.842943
345,-73.950725,40.661458
346,-73.731875,40.71228
347,-73.9590936131,40.7091483368
348,-73.940585,40.800055
349,-73.952564,40.588694
350,-73.913179,40.824002
351,-74.008006,40.7274
352,-73.753183,40.602997
353,-73.842466,40.680387
354,-73.948721,40.777788
355,-73.928909,40.818987
356,-73.979692,40.734842
357,-74.008903,40.639556
358,-73.93938,40.699303
359,-73.936139,40.848209
360,-73.945533,40.786378
361,-73.762702,40.713377
362,-73.895131,40.661264
363,-73.90982,40.745524
364,-73.882261,40.648293
365,-73.980355,40.614888
366,-73.941338,40.81853
367,-74.028753,40.629079
368,-73.8861426483,40.880447333
369,-73.9191520258,40.868291483
370,-73.892125,40.830947
371,-74.000731,40.640545
372,-73.909191,40.857997
373,-73.886561,40.664728
374,-73.928338,40.866415
375,-73.962231,40.805227
376,-73.767199,40.593779
377,-73.99805,40.646542
378,-73.955205,40.779328
379,-73.9925319211,40.7243064392
380,-73.997965,40.598972
381,-73.859522,40.889536
382,-73.843075,40.85993
383,-73.996351,40.744404
384,-73.91079,40.635553
385,-73.731288,40.760565
386,-73.907886,40.876062
387,-73.836568,40.57869
388,-73.9544813004,40.7658257508
389,-73.991516,40.625256
390,-73.938672,40.802645
391,-73.969329,40.790396
392,-73.94239,40.667204
393,-73.912208,40.718935
394,-73.8625749635,40.7495340664
395,-73.980152,40.668619
396,-74.011649,40.616258
397,-73.936365,40.797302
398,-73.957948,40.769385
399,-73.84796,40.697961
400,-73.911418,40.832866
401,-73.890977,40.845328
402,-73.9498422278,40.780472495
403,-73.83211,40.701022
404,-73.8565221514,40.8569142003
405,-73.927767,40.865967
406,-73.926683,40.618953
407,-73.948368,40.795146
408,-73.9188415178,40.6990756615
409,-73.968306,40.679236
410,-73.976855,40.780822
411,-73.990881,40.663806
412,-73.975700924,40.68681887
413,-73.995103,40.739727
414,-73.92024,40.744879
415,-73.936002,40.829133
416,-73.894522,40.647622
417,-73.930731,40.65489
418,-73.944879,40.791277
419,-73.917088,40.682458
420,-73.910855,40.776017
421,-74.079533,40.624496
422,-73.922463,40.685695
423,-73.907925,40.634085
424,-73.856898,40.836585
425,-73.869949,40.668034
426,-73.816958,40.748639
427,-73.953959,40.706899
428,-73.88691,40.882178
429,-73.894228,40.883008
430,-73.9231625169,40.8050066697
431,-74.137981,40.603232
432,-73.928294,40.632285
433,-73.902574,40.870911
434,-73.9566455197,40.6742998467
435,-74.01044,40.60646
436,-73.979287,40.669629
437,-73.885897,40.74959
438,-73.731997,40.720619
439,-73.9497,40.782833
440,-73.87253,40.735792
441,-73.935989,40.651468
442,-73.916929,40.676661
443,-73.900751,40.835286
444,-73.9590936131,40.7091483368
445,-73.8838443202,40.7470570106
446,-73.911915,40.703509
447,-73.995862,40.599985
448,-73.901221,40.820676
449,-74.006862,40.651977
450,-74.000815,40.72737
451,-73.873769,40.754241
452,-73.959834,40.76677
453,-73.8150707428,40.7302927155
454,-73.990336,40.740495
455,-73.798368,40.705395
456,-73.9707042543,40.6848030446
457,-74.011229,40.71532
458,-73.991046,40.667545
459,-73.885655,40.680087
460,-73.95276,40.729007
461,-73.957495,40.698905
462,-73.926769,40.613532
463,-73.878343,40.874207
464,-73.9716028774,40.6490086245
465,-73.883703,40.751548
466,-73.95046,40.659007
467,-73.826729,40.689754
468,-73.9255179993,40.8627844151
469,-73.960169,40.781432
470,-74.02034,40.638987
471,-73.829252,40.757784
472,-73.993371,40.595423
473,-73.929269,40.68391
474,-73.9682348557,40.6838417185
475,-73.872295,40.713268
476,-73.986838,40.690052
477,-73.827657,40.693741
478,-74.158282,40.626284
479,-73.96629,40.794568
480,-73.898254,40.641474
481,-73.897456,40.724775
482,-73.945843,40.711465
483,-73.8784849953,40.8756418016
484,-73.898722,40.862235
485,-73.883252,40.743104
486,-73.902222,40.66514
487,-74.001653,40.746062
488,-73.9577,40.608991
489,-73.950328,40.826576
490,-73.954743,40.699991
491,-73.839097,40.785674
492,-73.931127,40.658815
493,-73.906063,40.812619
494,-73.9164201893,40.7577513469
495,-73.993352,40.602403
496,-73.979527,40.778624
497,-74.000486,40.609013
498,-73.95112,40.68806
499,-74.0116656928,40.7138677703
500,-73.884013,40.733265
501,-73.953558,40.660948
502,-73.955167,40.777184
503,-73.974577,40.730104
504,-73.949309,40.793532
505,-73.979224,40.605574
506,-74.1165275277,40.5738060585
507,-74.005671,40.633002
508,-73.974895,40.787831
509,-73.8625749635,40.7495340664
510,-73.880675,40.662551
511,-73.878605,40.756277
512,-74.192032,40.528092
513,-73.912718,40.822763
514,-73.932449,40.744771
515,-73.879539,40.840775
516,-73.918559,40.762024
517,-74.075713,40.6357
518,-74.013349,40.70856
519,-73.8824526744,40.8505620954
520,-73.954107,40.811221
521,-73.915565,40.668961
522,-73.843006,40.671369
523,-73.995258,40.645776
524,-74.066437,40.598044
525,-73.91091,40.840422
526,-74.004589,40.623025
527,-73.8923369216,40.8315344323
528,-73.941511,40.818324
529,-73.891256,40.882898
530,-73.929575,40.644086
531,-73.922213,40.83213
532,-73.951541,40.743137
533,-73.907948,40.823289
534,-73.9102065215,40.8312176193
535,-73.898254,40.641474
536,-73.828883,40.756922
537,-74.009389,40.630512
538,-73.885789,40.665054
539,-74.109521,40.570692
540,-73.872614,40.718437
541,-74.004064,40.6339
542,-73.78549,40.595017
543,-73.930813,40.655653
544,-73.989866,40.605754
545,-73.911863,40.669526
546,-73.847335,40.72212
547,-73.939975,40.663388
548,-73.845626,40.68906
549,-74.117509,40.636587
550,-73.94987,40.671621
551,-73.871084,40.839659
552,-73.949381,40.793763
553,-73.93308,40.688068
554,-73.956822,40.673875
555,-73.908614,40.701539
556,-73.975891,40.719029
557,-73.935763,40.601285
558,-73.920924,40.77082
559,-73.937263,40.622171
560,-73.860688,40.75607
561,-73.756559,40.749688
562,-73.943997,40.698512
563,-73.9563282661,40.6522893436
564,-74.00923,40.704328
565,-73.952784,40.776469
566,-74.005197,40.65571
567,-73.8986358962,40.7126105502
568,-73.963944,40.797762
569,-73.9555202559,40.6804312436
570,-73.845798,40.844017
571,-73.9385925619,40.841358722
572,-73.930672,40.86079
573,-73.928156,40.625898
574,-73.919806,40.652879
575,-73.907485,40.771674
576,-73.977242,40.672113
577,-73.753183,40.602997
578,-73.9351524377,40.7963406985
579,-73.991252,40.742266
580,-73.900487,40.847596
581,-73.938034,40.854605
582,-73.919907,40.691707
583,-73.900546,40.885319
584,-74.015832836,40.6262238209
585,-73.9777288071,40.7256357348
586,-73.944153,40.829938
587,-73.757991,40.740175
588,-73.938407,40.846299
589,-73.944145,40.702514
590,-73.880393,40.741375
591,-73.858248,40.75086
592,-73.74408,40.765386
593,-73.966046,40.64971
594,-73.946777,40.784696
595,-73.9788266117,40.6429332294
596,-73.938407,40.846299
597,-73.97985,40.715917
598,-73.995241,40.72591
599,-73.996022,40.758888
600,-73.982797,40.714054
601,-73.821362,40.695741
602,-73.992912,40.743808
603,-73.831437,40.706041
604,-73.979694,40.776911
605,-73.993772,40.735807
606,-73.941604,40.700528
607,-73.893928,40.739917
608,-73.992781,40.723629
609,-73.914941,40.81085
610,-73.914942,40.779138
611,-73.890986,40.820434
612,-73.770909,40.763453
613,-73.900118,40.643178
614,-74.009699,40.63537
615,-73.984023,40.746286
616,-73.905286,40.711203
617,-73.882994,40.651582
618,-73.889283,40.818769
619,-73.932016,40.752242
620,-73.958011,40.578293
621,-73.86109,40.83519
622,-73.8261812468,40.8520448141
623,-73.828542,40.582299
624,-73.784897,40.757886
625,-73.831547,40.679584
626,-73.9590936131,40.7091483368
627,-73.975734,40.615856
628,-73.946788,40.807452
629,-73.909249,40.849648
630,-74.00629,40.70536
631,-73.958927,40.675572
632,-73.94174,40.83328
633,-74.000652,40.657914
634,-73.947828,40.802136
635,-74.09756,40.641818
636,-73.933499,40.596757
637,-73.84062,40.662228
638,-73.981795,40.620446
639,-73.890288,40.66051
640,-73.783147,40.690054
641,-73.930813,40.683241
642,-73.962081,40.662659
643,-73.917275,40.869034
644,-74.025513,40.637073
645,-73.83211,40.701022
646,-73.980803,40.575566
647,-73.919514,40.825928
648,-73.9590936131,40.7091483368
649,-73.976855,40.780822
650,-73.991641,40.610758
651,-73.937579988,40.5839463333
652,-74.083154,40.616267
653,-74.007488,40.704932
654,-73.8261812468,40.8520448141
655,-73.991634,40.693307
656,-73.837324,40.580011
657,-73.723122,40.761577
658,-73.8662151139,40.8778624109
659,-73.903888,40.907688
660,-73.939272,40.817579
661,-73.753183,40.602997
662,-73.970802,40.791709
663,-74.012117,40.716838
664,-73.949013,40.666181
665,-73.8625749635,40.7495340664
666,-74.114059,40.629191
667,-74.012563,40.708387
668,-74.002318,40.676024
669,-73.862483,40.668006
670,-73.887429,40.737718
671,-74.007094,40.633996
672,-73.899722,40.873239
673,-73.953069,40.822831
674,-74.025013,40.620777
675,-73.923511,40.652533
676,-73.956281,40.7798
677,-73.754109,40.596011
678,-73.9555202559,40.6804312436
679,-73.966739,40.682648
680,-73.9617526864,40.6826896874
681,-74.004509,40.713347
682,-73.943443,40.708879
683,-73.888361,40.817291
684,-73.953784,40.662829
685,-73.753183,40.602997
686,-73.955754,40.648773
687,-73.872421,40.753177
688,-73.8625749635,40.7495340664
689,-73.9590936131,40.7091483368
690,-73.924151,40.768193
691,-74.001125,40.688318
692,-73.902987,40.838288
693,-73.934424,40.795597
694,-73.935895247,40.846338899
695,-73.903009,40.867788
696,-73.91771,40.826956
697,-73.889758,40.67789
698,-73.914575,40.670654
699,-74.005594,40.706452
700,-74.010713,40.713684
701,-73.939662,40.750092
702,-73.942546,40.665771
703,-73.899722,40.873239
704,-73.861719,40.861282
705,-73.942259,40.668626
706,-73.926733,40.757309
707,-73.914748,40.832144
708,-73.919473,40.743256
709,-73.865766,40.736495
710,-73.936997,40.697976
711,-73.985973,40.689269
712,-73.882443,40.755875
713,-73.813516,40.788081
714,-73.804421,40.674614
715,-73.98355,40.746939
716,-73.957037,40.766403
717,-73.897522,40.829569
718,-73.973004,40.785369
719,-73.9958912325,40.7165279614
720,-73.964133,40.767765
721,-73.82075,40.691436
722,-73.75836,40.665285
723,-73.9379,40.847858
724,-73.975700924,40.68681887
725,-74.0138,40.707514
726,-73.951891,40.648044
727,-73.944665,40.819097
728,-73.786074,40.727594
729,-73.989926,40.734704
730,-73.947253,40.640066
731,-74.16732,40.627509
732,-73.924051,40.744813
733,-73.945002,40.787105
734,-73.973743,40.779265
735,-73.843187,40.778601
736,-73.8625749635,40.7495340664
737,-73.907561,40.670168
738,-73.950107,40.821836
739,-73.919402,40.694817
740,-73.969125,40.676967
741,-73.991962,40.69056
742,-73.973291,40.743704
743,-73.957748,40.760933
744,-73.940918,40.814997
745,-73.8900622547,40.8610077055
746,-73.945453,40.712972
747,-73.8710906876,40.6758799199
748,-73.89064,40.74909
749,-73.9144414423,40.8116866753
750,-73.931078,40.852965
751,-74.164303149,40.626958394
752,-73.790083,40.765133
753,-73.872039,40.878685
754,-73.936747,40.855469
755,-73.880046,40.763818
756,-73.920977,40.646877
757,-73.781247,40.686798
758,-74.006534,40.722726
759,-73.908886,40.813728
760,-73.893416,40.861914
761,-73.716338,40.735604
762,-73.8625749635,40.7495340664
763,-73.863878,40.864403
764,-74.034258,40.615612
765,-73.975317,40.681096
766,-73.910964,40.775901
767,-73.949582,40.781118
768,-73.890208,40.746172
769,-73.919775,40.741889
770,-73.935022,40.744902
771,-73.9617526864,40.6826896874
772,-73.964903,40.759824
773,-73.878395,40.881387
774,-73.953034,40.693018
775,-73.990432,40.728967
776,-73.739488,40.660152
777,-73.925979,40.8062
778,-74.112327,40.571854
779,-73.858098,40.821254
780,-73.940545,40.792337
781,-73.717322,40.744178
782,-74.007546,40.620203
783,-73.887512,40.834157
784,-73.936012,40.814945
785,-73.871578,40.733848
786,-73.882737,40.656517
787,-73.892294,40.895865
788,-73.977838,40.592278
789,-73.873216,40.748775
790,-73.909879,40.846089
791,-73.929141,40.652013
792,-73.978594,40.616584
793,-73.926228,40.679294
794,-73.983713,40.611666
795,-73.859298,40.711782
796,-73.991949,40.680445
797,-73.882453,40.850562
798,-73.935974,40.700764
799,-73.908622,40.661432
800,-73.884698,40.74587
801,-73.908414,40.668708
802,-74.002955,40.730178
803,-73.947089,40.710598
804,-73.951799,40.786221
805,-73.969414,40.604524
806,-73.949343,40.648768
807,-73.868372,40.818467
808,-73.926944,40.666786
809,-74.002836,40.634899
810,-73.935823,40.804589
811,-73.942905,40.836745
812,-73.947916,40.713456
813,-73.915119,40.77594
814,-73.880374,40.750153
815,-73.77799,40.736922
816,-73.994049,40.743421
817,-73.9384210425,40.8509568703
818,-73.903069,40.668196
819,-73.955097,40.779284
820,-73.943414,40.607363
821,-73.9617526864,40.6826896874
822,-73.8625749635,40.7495340664
823,-73.981667,40.627651
824,-73.9095,40.832477
825,-73.89043,40.650786
826,-73.773151,40.767766
827,-73.804182,40.720166
828,-73.996936,40.598953
829,-73.807131,40.67486
830,-73.965076,40.697708
831,-73.860267,40.753616
832,-73.856914,40.847797
833,-73.935867,40.620476
834,-73.969586,40.796267
835,-73.770994,40.672568
836,-74.001125,40.688318
837,-74.011475,40.71445
838,-73.985587,40.689563
839,-73.951541,40.743137
840,-73.959905,40.667286
841,-73.940545,40.792337
842,-73.9500481786,40.6551468512
843,-73.975554,40.685378
844,-73.973034,40.790384
845,-74.0078576986,40.7241499624
846,-73.957707,40.671364
847,-73.833904,40.874091
848,-73.844031,40.684819
849,-73.896426,40.820988
850,-73.924251,40.842325
851,-73.942299,40.668406
852,-73.8625749635,40.7495340664
853,-73.926314,40.865881
854,-73.893101,40.861856
855,-73.945972,40.757649
856,-73.9950242928,40.6356531525
857,-73.9590936131,40.7091483368
858,-73.96629,40.794568
859,-73.987659,40.735494
860,-73.907192,40.756998
861,-73.997451,40.67912
862,-73.9400916722,40.8301501086
863,-73.9590936131,40.7091483368
864,-73.920361,40.831063
865,-73.922613,40.824382
866,-73.985973,40.689269
867,-73.984256,40.739312
868,-74.008006,40.7274
869,-73.884049,40.749764
870,-73.938974,40.67388
871,-73.900272,40.84888
872,-74.141743,40.624645
873,-73.933697,40.691274
874,-73.753183,40.602997
875,-73.968357,40.791703
876,-73.876771,40.682337
877,-73.914998,40.707121
878,-73.901138,40.869233
879,-73.947322,40.775671
880,-74.000652,40.657914
881,-73.925909,40.74519
882,-73.970534,40.686442
883,-73.908086,40.859758
884,-73.77125,40.76414
885,-73.804997,40.7327
886,-73.9544095187,40.7072032836
887,-73.84856,40.821333
888,-73.920367,40.744363
889,-73.779981,40.729542
890,-73.821657,40.690798
891,-73.979287,40.669629
892,-73.886962,40.749476
893,-73.951225,40.799917
894,-73.965891,40.76252
895,-73.990588,40.768258
896,-73.973292,40.795157
897,-73.993606,40.694592
898,-73.937322,40.813184
899,-73.85658,40.814833
900,-73.934424,40.795597
901,-73.947486,40.782701
902,-73.957728,40.764373
903,-73.9590936131,40.7091483368
904,-73.877591,40.871922
905,-73.768588,40.760363
906,-73.940227,40.747877
907,-73.92288,40.687161
908,-73.941462,40.833626
909,-73.8923369216,40.8315344323
910,-73.919117,40.816436
911,-73.884194,40.755693
912,-73.8625749635,40.7495340664
913,-73.880707,40.741633
914,-73.949566,40.740367
915,-73.878716,40.665508
916,-73.862768,40.729407
917,-73.991604,40.617719
918,-73.833317,40.71596
919,-73.88699527,40.7553959489
920,-73.942116,40.692428
921,-73.898654,40.862265
922,-73.995033,40.573627
923,-73.8625749635,40.7495340664
924,-73.962051,40.608238
925,-73.8900622547,40.8610077055
926,-73.871538,40.73382
927,-73.907005,40.880038
928,-73.831757,40.889211
929,-73.980514,40.676313
930,-73.946366,40.793174
931,-74.006057427,40.7241500712
932,-73.912718,40.822763
933,-73.925981,40.762262
934,-73.920312742,40.8470757475
935,-73.940468,40.845469
936,-73.899264,40.846162
937,-73.7339425678,40.7275729759
938,-73.934675,40.584049
939,-73.941604,40.700528
940,-73.8571726978,40.8367825648
941,-73.911699,40.654161
942,-73.907372,40.66888
943,-73.79203,40.680318
944,-73.941544,40.850912
945,-73.949932,40.785455
946,-73.945619,40.827971
947,-73.942095,40.812396
948,-73.922281,40.609936
949,-73.910855,40.776017
950,-73.93717,40.793573
951,-73.991693,40.597863
952,-73.87923,40.881434
953,-74.002046,40.607728
954,-73.943626,40.651098
955,-73.968353,40.63224
956,-73.957613,40.773831
957,-73.999719,40.603188
958,-74.015204,40.633045
959,-73.92994,40.756336
960,-73.886831,40.70144
961,-74.192032,40.528092
962,-73.928338,40.866415
963,-73.950563,40.743625
964,-73.84451,40.720626
965,-73.993809,40.761929
966,-73.947973,40.635752
967,-73.966739,40.683441
968,-73.929129,40.859993
969,-73.892514,40.65236
970,-73.875748,40.703149
971,-74.005187,40.622473
972,-73.7497974949,40.7684807344
973,-73.915111,40.669026
974,-73.8989,40.645685
975,-73.842499,40.840252
976,-73.948237,40.718479
977,-73.743173,40.673069
978,-73.888847,40.818096
979,-73.96568,40.687456
980,-73.9572625955,40.6733476405
981,-73.934977,40.698823
982,-73.858207,40.84473
983,-73.907886,40.876062
984,-73.9941,40.741135
985,-73.9484666045,40.6403819599
986,-73.826128,40.751588
987,-73.964419,40.767405
988,-73.908081,40.659247
989,-73.982755,40.738655
990,-73.941046,40.797494
991,-74.010249,40.675513
992,-73.917615,40.743038
993,-73.887021,40.755377
994,-73.935499,40.688695
995,-73.926838,40.832706
996,-73.9188415178,40.6990756615
997,-73.927954,40.809882
998,-73.977732,40.73647
999,-73.9619835794,40.6824454787
1000,-73.826092,40.751508
1001,-73.948215,40.82548
1002,-73.941982,40.671821
1003,-73.97594,40.723802
1004,-73.894479,40.754594
1005,-73.91522,40.699488
1006,-73.883891,40.701684
1007,-73.965541,40.678297
1008,-74.0068489018,40.6322110929
1009,-73.981993,40.688187
1010,-73.861864,40.692198
1011,-74.010713,40.713684
1012,-73.935205,40.846542
1013,-73.998867,40.719383
1014,-73.9413565262,40.6004116332
1015,-73.9590936131,40.7091483368
1016,-73.956716,40.715351
1017,-73.77229,40.76609
1018,-73.975700924,40.68681887
1019,-74.096489,40.641888
1020,-73.875263,40.748539
1021,-73.942143,40.831227
1022,-73.879546,40.660969
1023,-74.0116656928,40.7138677703
1024,-73.864371,40.726991
1025,-73.959195,40.696493
1026,-73.938407,40.846299
1027,-73.919903,40.809534
1028,-73.926818,40.762636
1029,-73.871527,40.681508
1030,-73.919209,40.853739
1031,-73.894441,40.662326
1032,-73.911232,40.669602
1033,-73.889698,40.749177
1034,-73.883743,40.850561
1035,-73.962081,40.662659
1036,-73.905014,40.836404
1037,-73.853133,40.841345
1038,-73.7704000504,40.7624028377
1039,-73.957971,40.744753
1040,-73.9590936131,40.7091483368
1041,-73.9590936131,40.7091483368
1042,-73.963694,40.758644
1043,-73.739573,40.705913
1044,-74.033959,40.616399
1045,-73.940093,40.80073
1046,-73.836919,40.579346
1047,-74.099845,40.580138
1048,-73.918032,40.765309
1049,-73.999733,40.613536
1050,-73.933922,40.849393
1051,-73.913046,40.635648
1052,-73.916983,40.815778
1053,-73.9514059248,40.8098637275
1054,-73.94932,40.588443
1055,-73.963483,40.71035
1056,-73.979239,40.615966
1057,-73.917486,40.69537
1058,-73.988185,40.638793
1059,-73.952606,40.59588
1060,-73.8783564468,40.8727762041
1061,-73.959335,40.76922
1062,-73.906125,40.822437
1063,-73.983614,40.676591
1064,-73.926716,40.618969
1065,-73.992233,40.689989
1066,-73.929328,40.641783
1067,-74.098833,40.57491
1068,-73.951934,40.663854
1069,-73.958706,40.78099
1070,-74.001221,40.613764
1071,-73.928497,40.829035
1072,-73.887811,40.654796
1073,-73.982766,40.693619
1074,-74.001377,40.68007
1075,-73.982543,40.678136
1076,-73.88493,40.749691
1077,-73.939407,40.705204
1078,-73.96861,40.675729
1079,-73.901262,40.715042
1080,-74.000336,40.727656
1081,-73.958919,40.618124
1082,-73.87545,40.872447
1083,-73.950796,40.662133
1084,-73.871578,40.733848
1085,-73.987502,40.69031
1086,-74.081643,40.620347
1087,-73.9555202559,40.6804312436
1088,-73.987637,40.660024
1089,-73.7433692399,40.6968968227
1090,-73.844631,40.693606
1091,-73.9426348364,40.7471891272
1092,-73.985993,40.576502
1093,-73.917232,40.825196
1094,-73.921587,40.860844
1095,-73.949611,40.784826
1096,-73.807677,40.587969
1097,-73.928855,40.707685
1098,-73.97748,40.746589
1099,-73.897855,40.699463
1100,-73.923102,40.826048
1101,-73.905866,40.640317
1102,-73.830379,40.849715
1103,-73.914748,40.832144
1104,-73.936672821,40.8040706974
1105,-73.9770024109,40.6873543676
1106,-73.9772,40.784711
1107,-73.790317,40.695312
1108,-73.999917,40.713193
1109,-73.913268,40.706118
1110,-73.952667,40.676909
1111,-73.820681,40.691472
1112,-73.969082,40.677019
1113,-74.003809,40.641036
1114,-73.956612,40.813769
1115,-73.950756,40.72596
1116,-73.945024,40.787113
1117,-73.960907,40.594634
1118,-73.98921,40.606366
1119,-73.919102,40.86205
1120,-73.916082,40.842495
1121,-73.9617526864,40.6826896874
1122,-73.948938,40.810928
1123,-73.99389,40.746531
1124,-73.948327,40.639279
1125,-74.019758,40.622397
1126,-73.959082,40.763563
1127,-73.961528,40.759442
1128,-74.004153,40.67363
1129,-73.946716,40.80247
1130,-73.968082,40.63504
1131,-73.8273091896,40.8521589977
1132,-73.959415,40.57805
1133,-73.986534,40.661061
1134,-73.914614,40.68528
1135,-73.967991,40.793061
1136,-73.9384601304,40.8048017619
1137,-73.973497,40.596941
1138,-73.879051,40.657713
1139,-73.756556,40.748777
1140,-73.949338,40.807569
1141,-73.992124,40.573355
1142,-73.896118,40.860915
1143,-73.941357,40.833774
1144,-73.983769,40.664283
1145,-73.98715,40.720576
1146,-74.005197,40.65571
1147,-73.789051,40.592902
1148,-73.958461,40.676423
1149,-73.8631737844,40.679389582
1150,-73.910179,40.843824
1151,-74.01329,40.6458
1152,-73.82789,40.765166
1153,-73.976855,40.780822
1154,-73.780296,40.771755
1155,-73.922264,40.680463
1156,-73.83211,40.701022
1157,-73.982532,40.612821
1158,-73.925825,40.691653
1159,-73.830366,40.883025
1160,-73.908414,40.668708
1161,-73.875678,40.829921
1162,-73.889815,40.846711
1163,-73.954881,40.741406
1164,-73.924066,40.744837
1165,-73.957502,40.761694
1166,-73.9656807623,40.8055514106
1167,-73.910519,40.775997
1168,-73.796234,40.59067
1169,-73.9822,40.666163
1170,-73.9940914135,40.7137446957
1171,-73.924976,40.743886
1172,-73.93016,40.649784
1173,-73.867717,40.853829
1174,-73.884565,40.743734
1175,-74.144297,40.631523
1176,-73.9682348557,40.6838417185
1177,-73.999737,40.717849
1178,-73.875748,40.703149
1179,-73.926716,40.618969
1180,-73.95815,40.763736
1181,-73.952062,40.691091
1182,-73.949013,40.797152
1183,-74.006534,40.722726
1184,-73.947499,40.830459
1185,-73.995697,40.7593
1186,-73.9590936131,40.7091483368
1187,-73.954739,40.779149
1188,-73.888879,40.651629
1189,-73.885533,40.751319
1190,-73.928296,40.83487
1191,-73.769252,40.67282
1192,-73.961418,40.60142
1193,-73.986655,40.615767
1194,-73.939152,40.68862
1195,-73.934977,40.698823
1196,-73.863195,40.728777
1197,-73.76247,40.680148
1198,-73.882374,40.755866
1199,-73.9525197275,40.6512283486
1200,-73.961295,40.619733
1201,-73.939537,40.757028
1202,-73.9561946546,40.6526982655
1203,-74.011475,40.71445
1204,-73.91518,40.660457
1205,-73.985012,40.617326
1206,-74.005306,40.706653
1207,-73.979948,40.605163
1208,-73.985973,40.689269
1209,-73.908162,40.880698
1210,-73.813735,40.78868
1211,-73.920171,40.766719
1212,-73.928156,40.625898
1213,-73.9590936131,40.7091483368
1214,-73.9351524377,40.7963406985
1215,-74.118046,40.63688
1216,-73.9619835794,40.6824454787
1217,-73.935974,40.700764
1218,-73.902566,40.745686
1219,-73.929631,40.819152
1220,-73.929197,40.864409
1221,-73.864309,40.734383
1222,-73.832746,40.661424
1223,-73.948365,40.599707
1224,-73.920336,40.812172
1225,-73.992324,40.740246
1226,-73.991472,40.694015
1227,-73.978054,40.778409
1228,-73.9269248953,40.8260913173
1229,-73.961019,40.655226
1230,-73.936353,40.821357
1231,-73.98923,40.730449
1232,-73.853825,40.732289
1233,-73.8625749635,40.7495340664
1234,-73.952746,40.804436
1235,-73.949131,40.823164
1236,-73.968686,40.629268
1237,-73.945123,40.815016
1238,-73.920689,40.652567
1239,-73.942615,40.665011
1240,-73.94157,40.598817
1241,-74.002318,40.676024
1242,-74.132634,40.571187
1243,-73.938407,40.846299
1244,-73.89059,40.749095
1245,-73.922384,40.633215
1246,-73.9070358001,40.8866910086
1247,-73.904199,40.855076
1248,-73.951851,40.69433
1249,-73.920977,40.646877
1250,-73.914001,40.66919
1251,-73.998965,40.713361
1252,-74.095538,40.583531
1253,-73.929782,40.686605
1254,-73.986074,40.740056
1255,-73.896719,40.862398
1256,-73.995599,40.662777
1257,-73.753183,40.602997
1258,-73.847111,40.681283
1259,-74.008252,40.64366
1260,-74.005229,40.746216
1261,-74.132919,40.636598
1262,-73.880358,40.839565
1263,-73.990025,40.623705
1264,-73.890211,40.818907
1265,-73.838314,40.6798
1266,-73.949343,40.781151
1267,-73.96793,40.793945
1268,-73.9617526864,40.6826896874
1269,-73.956723,40.771034
1270,-73.9613,40.711296
1271,-73.9266215309,40.6653997712
1272,-73.75599,40.752333
1273,-74.010713,40.713684
1274,-73.914771,40.833511
1275,-73.956304,40.667287
1276,-73.943775,40.704366
1277,-73.914533,40.656304
1278,-73.892294,40.895865
1279,-73.948558,40.797811
1280,-73.917613,40.668655
1281,-73.8849620856,40.6765890534
1282,-73.883696,40.7433
1283,-73.78247,40.683366
1284,-73.987006,40.69811
1285,-73.911522,40.776722
1286,-73.94066,40.651237
1287,-73.783423,40.710624
1288,-74.005838,40.652932
1289,-73.904698,40.817383
1290,-73.927794,40.674656
1291,-74.0213599937,40.6381179802
1292,-73.957415,40.672234
1293,-74.007488,40.704932
1294,-73.753183,40.602997
1295,-73.980491,40.680428
1296,-73.9958912325,40.7165279614
1297,-73.895127,40.647919
1298,-73.928497,40.829035
1299,-73.8840309758,40.8741049892
1300,-73.920523,40.8679
1301,-73.938407,40.846299
1302,-73.932407,40.67944
1303,-73.92407,40.611192
1304,-73.814033,40.702531
1305,-73.975700924,40.68681887
1306,-73.964037,40.624902
1307,-73.941343,40.750828
1308,-73.788777,40.693166
1309,-73.949906,40.681969
1310,-73.753183,40.602997
1311,-73.902,40.882867
1312,-73.870165,40.667889
1313,-73.957828,40.708391
1314,-73.950433,40.690725
1315,-73.820972,40.670271
1316,-73.984383,40.596232
1317,-73.950598,40.63239
1318,-73.966558,40.63398
1319,-73.879049,40.873499
1320,-73.952774,40.775767
1321,-73.864582,40.73701
1322,-73.988302,40.714211
1323,-73.98172,40.749447
1324,-74.007382,40.726862
1325,-73.966739,40.682648
1326,-73.957339,40.716685
1327,-73.909496,40.777105
1328,-73.86069,40.817305
1329,-73.787918,40.699263
1330,-73.935344,40.796111
1331,-73.847335,40.72212
1332,-73.869906,40.736
1333,-73.773168,40.767805
1334,-74.001125,40.688318
1335,-74.067208,40.615559
1336,-73.987925,40.621344
1337,-73.821681,40.752981
1338,-73.975244,40.782295
1339,-73.971791,40.604244
1340,-73.976572,40.648944
1341,-73.98246,40.665826
1342,-73.843538,40.71996
1343,-73.880801,40.741677
1344,-73.8625749635,40.7495340664
1345,-73.887563,40.867854
1346,-73.918966,40.744966
1347,-73.887187,40.838298
1348,-73.833349,40.715985
1349,-73.984531,40.689456
1350,-73.989218,40.670589
1351,-73.820331,40.751765
1352,-73.993513,40.7293
1353,-73.9484666045,40.6403819599
1354,-73.880515,40.756062
1355,-73.972834,40.608826
1356,-73.833904,40.874091
1357,-73.844772,40.786179
1358,-73.8659600072,40.8232397009
1359,-73.735176,40.659728
1360,-73.938971,40.799346
1361,-73.900561,40.822257
1362,-73.844085,40.842277
1363,-74.007519,40.726009
1364,-73.827755,40.757519
1365,-73.897942,40.699144
1366,-74.005962,40.706172
1367,-74.006057427,40.7241500712
1368,-73.913458,40.684618
1369,-73.989535,40.740089
1370,-73.850415,40.690422
1371,-73.993567,40.762228
1372,-73.908089,40.741944
1373,-73.909436,40.638006
1374,-73.970931,40.794281
1375,-73.95679,40.812647
1376,-73.943657,40.711659
1377,-73.9188415178,40.6990756615
1378,-73.943321,40.700565
1379,-73.920361,40.831063
1380,-73.8419277632,40.6640684391
1381,-73.983019,40.665186
1382,-73.947916,40.713456
1383,-73.9357791515,40.6783166768
1384,-73.717266,40.735403
1385,-73.827009,40.752712
1386,-73.989672,40.627029
1387,-73.980491,40.680428
1388,-73.95037,40.65835
1389,-73.983818,40.729636
1390,-74.004346,40.643967
1391,-74.162216,40.610087
1392,-73.887493,40.745
1393,-73.963383,40.675755
1394,-73.895167,40.858831
1395,-73.794585,40.733431
1396,-73.943097,40.793716
1397,-73.9389176856,40.8218384931
1398,-73.981335,40.641935
1399,-73.96447,40.799905
1400,-74.1619032256,40.6266900646
1401,-74.119426,40.628535
1402,-74.177361,40.541244
1403,-73.938407,40.846299
1404,-73.950623,40.779397
1405,-73.822522,40.762564
1406,-73.941096,40.805934
1407,-74.023009,40.635843
1408,-73.940002,40.708723
1409,-73.976037,40.744577
1410,-73.933427,40.668918
1411,-73.9543590343,40.7071867951
1412,-73.981289,40.663251
1413,-73.962081,40.662659
1414,-73.965492,40.632926
1415,-73.953392,40.599155
1416,-73.878547,40.687145
1417,-73.917542,40.840182
1418,-73.995249,40.718625
1419,-73.944264,40.616525
1420,-73.9617526864,40.6826896874
1421,-73.837604,40.580528
1422,-73.863878,40.864403
1423,-73.9473158914,40.8154254828
1424,-73.96568,40.687456
1425,-73.893511,40.817977
1426,-73.8852299282,40.755580847
1427,-73.975382,40.789731
1428,-73.98193,40.667066
1429,-73.918503,40.743143
1430,-73.949358,40.827915
1431,-74.0078576986,40.7241499624
1432,-73.958794,40.692642
1433,-73.8625749635,40.7495340664
1434,-73.995973,40.738536
1435,-73.983606,40.668422
1436,-73.935499,40.688695
1437,-73.896581,40.820988
1438,-73.924546,40.8656
1439,-73.926838,40.832706
1440,-73.8886714212,40.8582424574
1441,-73.918748,40.770231
1442,-73.840851,40.888592
1443,-73.931527,40.662381
1444,-73.93262,40.850858
1445,-73.9944618246,40.6405223783
1446,-73.883604,40.756348
1447,-73.939537,40.757028
1448,-73.962105,40.678488
1449,-73.912989,40.615998
1450,-73.977404,40.671885
1451,-73.850434,40.722225
1452,-73.94128,40.797577
1453,-73.93734,40.701824
1454,-73.985973,40.689269
1455,-73.982108,40.688231
1456,-73.9855,40.6742
1457,-73.975700924,40.68681887
1458,-73.968357,40.791703
1459,-73.991858,40.719668
1460,-73.9590936131,40.7091483368
1461,-73.941089,40.654704
1462,-74.023606,40.634372
1463,-73.887225,40.837206
1464,-73.959882,40.766083
1465,-73.9544095187,40.7072032836
1466,-73.891749,40.748531
1467,-73.923429,40.686453
1468,-74.003577,40.624016
1469,-73.951387,40.66812
1470,-73.980016,40.605154
1471,-73.917699,40.704636
1472,-73.921887,40.808695
1473,-73.920375,40.743361
1474,-73.942037,40.696211
1475,-73.920312742,40.8470757475
1476,-73.928767,40.681497
1477,-73.987444,40.669743
1478,-73.846588,40.720829
1479,-73.98294,40.776813
1480,-73.944516,40.651085
1481,-73.962682,40.607093
1482,-73.949251,40.798511
1483,-73.890536,40.7491
1484,-73.993859,40.735656
1485,-73.7717266899,40.7650294566
1486,-73.92926,40.651983
1487,-73.964178,40.697817
1488,-73.736713,40.674831
1489,-74.005517,40.727392
1490,-73.90968,40.66552
1491,-73.93231,40.753417
1492,-74.007181,40.705892
1493,-73.939744,40.707029
1494,-73.907896,40.816411
1495,-73.95542,40.620518
1496,-74.033313,40.61324
1497,-73.986247,40.740327
1498,-73.902573,40.874411
1499,-73.939754,40.815601
1500,-73.947814,40.700243
1501,-73.933658,40.849404
1502,-73.898722,40.862235
1503,-74.097722,40.59057
1504,-73.988046,40.671173
1505,-73.865457,40.691601
1506,-73.948613,40.675137
1507,-73.871538,40.73382
1508,-73.929528,40.855053
1509,-73.968952,40.677376
1510,-73.819621,40.71014
1511,-73.98664,40.689991
1512,-73.923102,40.810085
1513,-73.97518,40.595698
1514,-73.853366,40.822665
1515,-73.982639,40.685264
1516,-73.883865754,40.7471832906
1517,-73.877187,40.736456
1518,-74.076923,40.641518
1519,-73.997232,40.575241
1520,-73.996709,40.742617
1521,-73.880885,40.71258
1522,-73.991656,40.691191
1523,-73.987562,40.639416
1524,-73.891911,40.824321
1525,-73.884172,40.749769
1526,-73.800335,40.75939
1527,-74.000461,40.613986
1528,-73.9928992061,40.5955076981
1529,-73.854949,40.8487
1530,-73.975751,40.786657
1531,-73.787427,40.691319
1532,-74.010713,40.713684
1533,-73.986412,40.661207
1534,-73.86402,40.727518
1535,-73.753183,40.602997
1536,-73.918714,40.818423
1537,-73.9590936131,40.7091483368
1538,-73.9210456192,40.8142961288
1539,-73.948925,40.823447
1540,-73.949361,40.648732
1541,-73.894773,40.831194
1542,-73.8625749635,40.7495340664
1543,-73.981521,40.724435
1544,-73.993268,40.762681
1545,-73.861812,40.694619
1546,-73.976855,40.780822
1547,-73.907207,40.860224
1548,-73.913966,40.85
1549,-73.810853,40.764648
1550,-73.899277,40.813503
1551,-73.908457,40.66071
1552,-73.907313,40.760284
1553,-73.937926,40.80083
1554,-73.9426348364,40.7471891272
1555,-73.947937,40.635639
1556,-73.996229,40.744355
1557,-73.952567,40.645223
1558,-73.982197,40.731651
1559,-73.906137,40.844656
1560,-74.067183,40.590902
1561,-73.994121,40.741064
1562,-73.921196,40.806351
1563,-73.979288,40.596319
1564,-73.92717,40.621791
1565,-73.948775,40.688666
1566,-73.9726828056,40.5902813179
1567,-73.90176,40.86185
1568,-73.920312742,40.8470757475
1569,-73.831376,40.845688
1570,-73.946951,40.793399
1571,-73.863487,40.866184
1572,-73.959313,40.769193
1573,-73.933413,40.795171
1574,-73.825681,40.830084
1575,-73.991027,40.618312
1576,-73.982314,40.701343
1577,-73.990325,40.619003
1578,-73.976572,40.648944
1579,-73.886927,40.755388
1580,-73.828155,40.755052
1581,-73.950943,40.663492
1582,-74.001908,40.574725
1583,-73.918363,40.739177
1584,-73.921686,40.678286
1585,-73.930627,40.654111
1586,-73.930876,40.692118
1587,-73.86719,40.668838
1588,-73.909941,40.885826
1589,-74.004271,40.707317
1590,-73.892192,40.860878
1591,-73.827142,40.764119
1592,-73.963776,40.761183
1593,-73.931415,40.665875
1594,-73.943003,40.607426
1595,-73.9125062097,40.7559122054
1596,-73.9797135013,40.5734790939
1597,-73.982211,40.773159
1598,-73.883294,40.871725
1599,-73.935379,40.853017
1600,-73.955807,40.650343
1601,-73.9788266117,40.6429332294
1602,-73.855705,40.743551
1603,-73.94203,40.666696
1604,-73.900165,40.676834
1605,-73.914748,40.832144
1606,-73.918831,40.814665
1607,-73.84862,40.723582
1608,-73.885107,40.703661
1609,-73.890458,40.8359
1610,-73.7497974949,40.7684807344
1611,-73.927259,40.652346
1612,-73.882804,40.747564
1613,-73.898912,40.820403
1614,-73.9623,40.767402
1615,-73.934871,40.84778
1616,-73.858371,40.757931
1617,-73.953066,40.77608
1618,-73.978496,40.685478
1619,-73.824832,40.758689
1620,-73.930654,40.673612
1621,-73.986938,40.715603
1622,-73.964843,40.579018
1623,-73.9940914135,40.7137446957
1624,-73.945024,40.787113
1625,-73.954739,40.779149
1626,-73.8625749635,40.7495340664
1627,-73.915142,40.695362
1628,-73.856656,40.815069
1629,-73.909698,40.854136
1630,-73.949508,40.650102
1631,-73.9682348557,40.6838417185
1632,-73.843938,40.878587
1633,-73.920716,40.763664
1634,-73.9963782661,40.7157621893
1635,-73.728899,40.691037
1636,-73.891503,40.748983
1637,-73.959336,40.814239
1638,-73.9161911011,40.8164665218
1639,-73.932947,40.687387
1640,-73.862445,40.863117
1641,-73.994248,40.73626
1642,-73.938675,40.842531
1643,-73.943986,40.680992
1644,-73.965676,40.758798
1645,-73.928816,40.615331
1646,-73.921196,40.766793
1647,-73.947908,40.778905
1648,-73.968046,40.679966
1649,-73.8347783155,40.8379219074
1650,-73.9590936131,40.7091483368
1651,-73.939349,40.801007
1652,-73.9617526864,40.6826896874
1653,-73.758982,40.740619
1654,-73.955569,40.807843
1655,-73.856295,40.711306
1656,-73.936507,40.849458
1657,-73.998539,40.572787
1658,-73.967128,40.792699
1659,-73.919518,40.807672
1660,-73.935484,40.69321
1661,-73.985402,40.597407
1662,-73.912366,40.821157
1663,-73.991269,40.618076
1664,-73.858501,40.744026
1665,-73.992878,40.72816
1666,-73.892568,40.748888
1667,-73.908172,40.656153
1668,-73.941234,40.833977
1669,-73.898722,40.862235
1670,-73.871578,40.733848
1671,-73.936315,40.845799
1672,-73.8631737844,40.679389582
1673,-74.005373,40.646399
1674,-73.990405,40.664331
1675,-73.846773,40.67641
1676,-73.976855,40.780822
1677,-73.928856,40.679529
1678,-73.904408,40.905811
1679,-73.959868,40.765257
1680,-73.845158,40.680728
1681,-73.990081,40.612476
1682,-73.942273,40.668673
1683,-73.96629,40.586015
1684,-73.983237,40.713266
1685,-73.943784,40.710808
1686,-73.925245,40.761897
1687,-73.863808,40.730666
1688,-73.927312,40.82548
1689,-73.8625749635,40.7495340664
1690,-73.939899,40.707957
1691,-73.968357,40.791703
1692,-73.8782446281,40.8726278729
1693,-73.948468,40.633959
1694,-73.863392,40.666053
1695,-74.025395,40.629997
1696,-73.855368,40.873848
1697,-73.963018,40.682663
1698,-73.9555202559,40.6804312436
1699,-73.914708,40.772863
1700,-73.906607,40.831827
1701,-73.941959,40.66492
1702,-73.929076,40.743509
1703,-73.9188415178,40.6990756615
1704,-73.943738,40.795706
1705,-73.9211981558,40.7434408505
1706,-73.753183,40.602997
1707,-73.932354,40.753392
1708,-73.9617526864,40.6826896874
1709,-74.004743,40.652701
1710,-73.809585,40.675084
1711,-73.843946,40.719867
1712,-73.8548,40.837524
1713,-73.976744,40.672678
1714,-73.957365,40.816951
1715,-73.959779,40.601617
1716,-73.8625749635,40.7495340664
1717,-73.942361,40.667739
1718,-73.955743,40.622341
1719,-73.930144,40.688335
1720,-73.920809,40.867052
1721,-73.883085,40.749884
1722,-73.9525197275,40.6512283486
1723,-73.984692,40.774403
1724,-73.875374,40.872551
1725,-73.9256688609,40.7439817936
1726,-73.978525,40.727892
1727,-73.879341,40.874243
1728,-73.979006,40.689858
1729,-74.011475,40.71445
1730,-73.957877,40.670957
1731,-73.973408,40.677467
1732,-73.917613,40.668655
1733,-73.914748,40.832144
1734,-73.952407,40.789647
1735,-73.957482,40.81027
1736,-73.921219,40.698155
1737,-73.927892,40.860429
1738,-73.829252,40.757784
1739,-74.010713,40.713684
1740,-74.153727,40.625667
1741,-74.001758,40.746666
1742,-73.96629,40.794568
1743,-74.008189,40.603018
1744,-73.932056,40.755522
1745,-73.9803871478,40.6052118476
1746,-73.990896,40.734243
1747,-73.974546,40.784947
1748,-73.851267,40.819333
1749,-73.880805,40.76764
1750,-73.838414,40.653227
1751,-74.013053,40.707808
1752,-73.933601,40.79525
1753,-73.840254,40.884343
1754,-73.9380494481,40.8230237483
1755,-73.935457,40.846973
1756,-73.824303,40.864676
1757,-73.959475,40.699331
1758,-73.887129,40.744843
1759,-73.9178311337,40.8487839587
1760,-73.988823,40.765878
1761,-73.912258,40.821363
1762,-73.942075,40.831178
1763,-73.911065,40.775841
1764,-73.914111,40.678468
1765,-73.920157,40.762774
1766,-73.991962,40.69056
1767,-73.894614,40.726367
1768,-73.917699,40.704636
1769,-73.977269,40.784612
1770,-73.89849,40.846227
1771,-74.005617,40.726615
1772,-73.910186,40.669775
1773,-73.895171,40.647197
1774,-73.962516,40.799704
1775,-73.949307,40.776858
1776,-73.954989,40.714296
1777,-73.9179477596,40.8157733713
1778,-73.745867,40.696197
1779,-73.940995,40.834265
1780,-73.887587,40.830589
1781,-73.945292,40.583715
1782,-73.9788266117,40.6429332294
1783,-73.8172902913,40.5857263711
1784,-74.011646,40.643843
1785,-74.007401,40.741818
1786,-74.102405,40.577835
1787,-73.946502,40.808215
1788,-73.937558,40.800256
1789,-73.800932,40.722699
1790,-73.974962,40.744404
1791,-73.961077,40.635035
1792,-73.945258,40.615735
1793,-73.923519,40.686901
1794,-73.932158,40.651663
1795,-73.911053,40.65744
1796,-73.824459,40.828808
1797,-73.941156,40.619598
1798,-73.8832912889,40.7557847548
1799,-73.933796,40.849214
1800,-73.960842,40.593558
1801,-73.8851421041,40.8776851813
1802,-73.980866,40.605262
1803,-73.97898,40.683419
1804,-73.882944,40.881246
1805,-73.950556,40.659912
1806,-73.977934,40.617196
1807,-73.984088,40.6109
1808,-73.770285,40.762153
1809,-73.920248,40.86798
1810,-73.942362,40.812067
1811,-73.7858179695,40.6722725099
1812,-73.794524,40.693412
1813,-73.761881,40.66131
1814,-73.83211,40.701022
1815,-73.935974,40.700764
1816,-73.981745,40.576971
1817,-73.863105,40.732034
1818,-73.904698,40.817383
1819,-73.9590936131,40.7091483368
1820,-73.8823887515,40.7558799038
1821,-74.111697,40.571497
1822,-73.902,40.882867
1823,-73.960033,40.598444
1824,-73.984397,40.737097
1825,-73.935604,40.803972
1826,-73.936838,40.838954
1827,-73.9534251346,40.6809848586
1828,-73.880337,40.676129
1829,-74.00783,40.640586
1830,-73.989235,40.606369
1831,-73.95045,40.594375
1832,-73.901746,40.716681
1833,-73.961019,40.655226
1834,-73.996325,40.630996
1835,-73.964566,40.633353
1836,-73.8744715228,40.8295319401
1837,-73.908202,40.66267
1838,-73.864709,40.669198
1839,-73.843075,40.85993
1840,-74.028138,40.623348
1841,-74.001125,40.688318
1842,-73.773168,40.767805
1843,-73.966644,40.794049
1844,-73.994253,40.71983
1845,-73.953431,40.771307
1846,-73.9165157887,40.6785952588
1847,-73.830291,40.843205
1848,-73.883353,40.755763
1849,-73.918503,40.743143
1850,-73.894747,40.667456
1851,-73.8971666671,40.8623611107
1852,-73.908898,40.757499
1853,-73.908956,40.823664
1854,-73.8379,40.698724
1855,-73.990452,40.636617
1856,-73.944,40.655781
1857,-73.880379,40.809774
1858,-74.011475,40.71445
1859,-73.942182,40.832646
1860,-73.9413565262,40.6004116332
1861,-73.9254729994,40.8158361201
1862,-73.831796,40.706749
1863,-73.985973,40.689269
1864,-73.939795,40.65128
1865,-73.9633825828,40.6757541739
1866,-73.9590936131,40.7091483368
1867,-73.983201,40.771414
1868,-73.975615,40.674265
1869,-73.968706,40.794264
1870,-73.968706,40.794264
1871,-73.9013623807,40.722705408
1872,-73.906552,40.672462
1873,-73.9473054589,40.8103504869
1874,-73.94834,40.59971
1875,-73.989535,40.740089
1876,-73.779388,40.69188
1877,-73.96202,40.625105
1878,-73.880363,40.750172
1879,-73.906143,40.825025
1880,-74.012562,40.70254
1881,-74.016175,40.640431
1882,-73.923776,40.745537
1883,-73.975700924,40.68681887
1884,-73.954999986,40.8049384066
1885,-73.9590936131,40.7091483368
1886,-73.9231625169,40.8050066697
1887,-73.982536,40.748328
1888,-74.032244,40.614451
1889,-74.095967,40.641938
1890,-73.951678,40.777979
1891,-73.980905,40.733402
1892,-73.929304,40.681931
1893,-73.902705,40.830995
1894,-74.1169022553,40.5740142835
1895,-73.937337,40.696733
1896,-73.939872,40.809672
1897,-73.903099,40.858511
1898,-73.758784,40.664608
1899,-74.015852,40.646472
1900,-73.938407,40.846299
1901,-73.772365,40.766189
1902,-73.901482,40.819741
1903,-73.772390247,40.7662851207
1904,-73.869553,40.835453
1905,-74.0346645441,40.6362793367
1906,-73.962081,40.662659
1907,-73.753827,40.706755
1908,-73.949492,40.660905
1909,-73.966423,40.580596
1910,-74.005517,40.727392
1911,-73.976442,40.723113
1912,-73.996117,40.744289
1913,-73.944264,40.616525
1914,-73.953959,40.706899
1915,-74.135021,40.635621
1916,-73.980525,40.613304
1917,-73.770032,40.760144
1918,-73.836618,40.578775
1919,-73.886778,40.815432
1920,-73.946003,40.785733
1921,-73.949833,40.591133
1922,-73.949673,40.827515
1923,-73.902925,40.704976
1924,-73.950107,40.821836
1925,-73.975244,40.782295
1926,-73.92117,40.660442
1927,-73.858814,40.890779
1928,-73.898828,40.709556
1929,-73.941577,40.620328
1930,-73.9546077423,40.7656913077
1931,-73.954254,40.770179
1932,-73.902301,40.882428
1933,-73.9506135572,40.6606284226
1934,-73.95679,40.812647
1935,-73.93294,40.619039
1936,-73.978376,40.575475
1937,-73.88785,40.749383
1938,-73.890157,40.834198
1939,-73.986037,40.661555
1940,-73.770343,40.76228
1941,-73.816183,40.701154
1942,-74.0791405409,40.6396992903
1943,-74.008469,40.71156
1944,-73.937868,40.850778
1945,-74.011894,40.636682
1946,-73.828628,40.711419
1947,-73.964958,40.800111
1948,-73.952853,40.654325
1949,-73.885655,40.680087
1950,-73.85225,40.693891
1951,-73.869469,40.675766
1952,-73.958427,40.643908
1953,-73.945181,40.793763
1954,-74.139152,40.62434
1955,-73.978569,40.648401
1956,-74.006587,40.604151
1957,-73.94714,40.632356
1958,-74.005682,40.632996
1959,-74.197897,40.54438
1960,-74.073976,40.641476
1961,-73.943057,40.607401
1962,-73.949626,40.717613
1963,-73.918336,40.70285
1964,-73.920312742,40.8470757475
1965,-73.983822,40.610225
1966,-73.955205,40.779328
1967,-73.982421,40.772473
1968,-73.944613,40.651063
1969,-73.928334,40.866434
1970,-73.961751,40.805841
1971,-73.914748,40.832144
1972,-73.933427,40.668918
1973,-74.00908,40.635941
1974,-73.838129,40.652187
1975,-73.99677,40.599085
1976,-73.765838,40.703585
1977,-74.026894,40.620722
1978,-73.925535,40.663231
1979,-73.910819,40.776047
1980,-73.915569,40.840096
1981,-73.9570965589,40.7745413032
1982,-73.922584,40.817797
1983,-73.820331,40.751765
1984,-74.011475,40.71445
1985,-73.922499,40.667198
1986,-73.939749,40.789482
1987,-73.958945,40.699034
1988,-73.903226,40.741347
1989,-73.891265,40.861629
1990,-74.001125,40.688318
1991,-73.851904,40.737732
1992,-73.959242,40.767584
1993,-73.882727,40.844648
1994,-73.987789,40.659878
1995,-73.881511,40.755973
1996,-73.7829645268,40.6841739119
1997,-73.9590936131,40.7091483368
1998,-73.808126,40.706183
1999,-73.978075,40.726114
2000,-73.815834,40.68405
2001,-73.953307,40.798609
2002,-73.843117,40.671929
2003,-73.919681,40.741911
2004,-73.8744715228,40.8295319401
2005,-73.930578,40.690504
2006,-73.989654,40.692319
2007,-73.873024,40.750946
2008,-73.777454,40.724479
2009,-73.9588519745,40.6682017643
2010,-73.978921,40.777454
2011,-73.9613344538,40.7075516585
2012,-73.859559,40.824113
2013,-73.753183,40.602997
2014,-73.855304,40.702167
2015,-73.978914,40.639418
2016,-73.98837,40.713539
2017,-73.888561,40.848472
2018,-73.843491,40.719699
2019,-73.87956,40.661232
2020,-73.925734,40.74399
2021,-73.9422110484,40.7988833278
2022,-73.929076,40.65843
2023,-73.909671,40.682469
2024,-73.835459,40.707298
2025,-73.756733,40.693218
2026,-73.971165,40.694633
2027,-73.769834,40.761252
2028,-73.818446,40.729741
2029,-73.9797135013,40.5734790939
2030,-74.0031620479,40.6829183266
2031,-73.95101,40.778862
2032,-73.94251,40.665903
2033,-73.877231,40.871537
2034,-73.9426735888,40.6644070454
2035,-74.012289,40.649042
2036,-74.006475,40.74697
2037,-73.845578,40.870133
2038,-73.771253,40.764107
2039,-73.991527,40.765025
2040,-73.985258,40.676668
2041,-73.885009,40.749682
2042,-73.880582,40.662389
2043,-73.857884,40.813503
2044,-73.96016,40.710881
2045,-73.97472,40.783012
2046,-73.940659,40.814358
2047,-73.879095,40.679531
2048,-73.914043,40.781909
2049,-73.85803,40.820963
2050,-73.999026,40.735692
2051,-73.984412,40.671461
2052,-73.8923369216,40.8315344323
2053,-73.846773,40.685658
2054,-73.887362,40.816017
2055,-73.954739,40.779149
2056,-73.953479,40.665546
2057,-73.986476,40.715869
2058,-73.981866,40.731088
2059,-73.95001,40.806649
2060,-73.9407257501,40.7998322493
2061,-73.732164,40.692647
2062,-73.94464,40.70552
2063,-73.971706,40.608952
2064,-73.973695,40.590158
2065,-74.001908,40.574725
2066,-73.9742566139,40.5799584832
2067,-73.993214,40.616141
2068,-73.92717,40.621791
2069,-74.01239,40.708645
2070,-73.845759,40.844838
2071,-73.984664,40.596399
2072,-73.818247,40.822604
2073,-73.993513,40.7293
2074,-74.062989,40.595653
2075,-73.892294,40.895865
2076,-73.942548,40.793194
2077,-73.871578,40.733848
2078,-74.033088,40.61853
2079,-73.95814,40.769088
2080,-73.928857,40.637375
2081,-73.9788266117,40.6429332294
2082,-73.98664,40.689991
2083,-73.9089493787,40.8811125817
2084,-73.893754,40.663673
2085,-73.784113,40.712568
2086,-73.919493,40.807681
2087,-73.975787,40.786646
2088,-73.946845,40.826295
2089,-73.890104,40.746128
2090,-73.979983,40.668792
2091,-73.933114,40.65364
2092,-73.980491,40.680428
2093,-73.8973670777,40.707344968
2094,-74.004321,40.602925
2095,-74.091758,40.605122
2096,-73.910519,40.775997
2097,-73.915271,40.634228
2098,-73.980571,40.628721
2099,-73.944993,40.823563
2100,-74.083406,40.64789
2101,-73.951084,40.668087
2102,-73.895329,40.702982
2103,-73.981193,40.774136
2104,-73.890972,40.65027
2105,-74.120946,40.606696
2106,-73.914748,40.832144
2107,-73.931342,40.666405
2108,-73.8625749635,40.7495340664
2109,-73.976981,40.779905
2110,-73.986648,40.72154
2111,-73.883865754,40.7471832906
2112,-74.006862,40.651977
2113,-73.946474,40.599918
2114,-73.845726,40.720515
2115,-73.8625749635,40.7495340664
2116,-73.977585,40.733928
2117,-73.999253,40.718875
2118,-73.933855,40.847656
2119,-73.885069,40.83652
2120,-73.895334,40.75452
2121,-73.9484666045,40.6403819599
2122,-74.010515,40.64493
2123,-73.968275,40.796942
2124,-73.981116,40.687828
2125,-73.863011,40.818417
2126,-73.962879,40.673276
2127,-73.9533874463,40.8071170774
2128,-73.907886,40.876062
2129,-73.9143527999,40.8328456431
2130,-73.960766,40.625239
2131,-73.935102,40.803389
2132,-73.983087,40.738935
2133,-73.947814,40.700243
2134,-73.974097,40.67553
2135,-73.974449,40.79098
2136,-73.960659,40.68505
2137,-73.903458,40.854872
2138,-73.9555202559,40.6804312436
2139,-73.98054,40.697901
2140,-73.983734,40.68886
2141,-73.984745,40.668425
2142,-73.922999,40.74367
2143,-73.767504,40.756469
2144,-73.969702,40.79495
2145,-73.925583,40.866139
2146,-73.8470786833,40.8574263082
2147,-74.029659,40.626866
2148,-73.9188415178,40.6990756615
2149,-73.928665,40.679246
2150,-73.931095,40.797582
2151,-73.942273,40.668673
2152,-73.942604,40.665159
2153,-73.917706,40.742549
2154,-73.88216,40.652718
2155,-73.951034,40.691423
2156,-73.966207,40.630101
2157,-73.975700924,40.68681887
2158,-73.982166,40.713392
2159,-73.753183,40.602997
2160,-73.979692,40.734842
2161,-73.96874,40.791173
2162,-73.90985,40.886032
2163,-74.007295,40.72754
